Problem,Method,Best,Mean,Worst,SD,Reference
Pressure vessel,DF-GWO,6072.0768745764,6327.788204797732,7276.034385680319,322.2498581396339,6059.714
Pressure vessel,GWO,6063.726641959301,6457.444601705162,7444.699522425418,417.85913849492727,6059.714
Pressure vessel,PSO,6059.7133451001155,6379.364007746768,7544.49251792507,331.83695716369203,6059.714
Pressure vessel,WOA,6060.48171048074,6676.727792158763,7544.499195033319,619.5228682279123,6059.714
Pressure vessel,SCA,6433.956172869305,7483.627935149432,8869.289522575504,717.0914760653882,6059.714
Pressure vessel,HO,7230.745906067488,10187.770152635627,15164.61612450744,1725.3969454932653,6059.714
Pressure vessel,GA,6432.797077373867,6944.03547296196,7557.183583661446,337.6921260026479,6059.714
Welded beam,DF-GWO,1.7279792637683276,1.7345796960864854,1.748269024898534,0.005352761072389799,1.724852
Welded beam,GWO,1.7270201637998492,1.7316316556215332,1.7481040861732546,0.00412540483652506,1.724852
Welded beam,PSO,1.7248523636831072,1.7285374168229486,1.8142937810378676,0.016029848797641476,1.724852
Welded beam,WOA,1.72750780729562,1.7693131757784497,2.4116059218269115,0.12302705755155766,1.724852
Welded beam,SCA,1.8148584200467737,1.9035432145412305,1.9926818222496014,0.05023051447444879,1.724852
Welded beam,HO,2.482419055850955,3.504343971714125,5.0681193855232545,0.637788059299711,1.724852
Welded beam,GA,1.8769246721972401,2.4778409084060913,3.774442698721716,0.4613450110856059,1.724852
Tension/compression spring,DF-GWO,0.012740888419329785,0.01328736067146994,0.0149128539203658,0.00048709289188165637,0.012665
Tension/compression spring,GWO,0.012702722249551148,0.01314472823086361,0.014355825295712582,0.0004247521977100205,0.012665
Tension/compression spring,PSO,0.012665555244276828,0.012892212541348683,0.013918873894221563,0.00029989820597819185,0.012665
Tension/compression spring,WOA,0.012666419011181033,0.013391545436338552,0.016009590324290366,0.0008547259182616269,0.012665
Tension/compression spring,SCA,0.012729601645449829,0.013385024517430327,0.015202417922900368,0.0006495584004922203,0.012665
Tension/compression spring,HO,0.012906239114099254,35911652.767785884,705456617.7656667,133482747.33078864,0.012665
Tension/compression spring,GA,0.012721814139937523,0.016077151439455612,0.019356540265364815,0.0019311372497866537,0.012665
Speed reducer,DF-GWO,3005.470314674436,3014.783406894489,3030.8328437740497,5.667327183210752,2994.4245
Speed reducer,GWO,3001.970213164263,3009.239079772899,3017.501698364333,3.9706950200790736,2994.4245
Speed reducer,PSO,2996.3480842994727,3037.0378322307592,3188.3245056558,42.98662375606237,2994.4245
Speed reducer,WOA,2997.498697112286,3006.3155569546475,3020.464355568148,5.405218201894682,2994.4245
Speed reducer,SCA,3029.1882095064557,3121.537173634527,3199.797305242352,39.79240900407312,2994.4245
Speed reducer,HO,3276.1088794221073,1780236.2091184708,17892131.274949767,4056722.4601098755,2994.4245
Speed reducer,GA,2996.422384423327,2996.5739280682747,2996.926364353197,0.12114088738162024,2994.4245
