Method,Acc,F1,AUC,MCC,G-mean,#Feat,Time(s),Recall@20%,Popt@20%,EA-AUC,Evals,UniqEvals
AllFeatures,0.8050932476493164,0.499731232797863,0.7981573587197899,0.37195480341421405,0.6490593664199716,31.0,2.2100000002556185e-06,0.48550134187806504,0.540344655083285,0.6991582028011422,0.0,0.0
IG,0.7944850663029044,0.48773046891364585,0.7864226621573657,0.3527885904454121,0.6496935914255193,15.4,0.27727534899999645,0.47252155841336096,0.5388811076698068,0.6913317646630621,0.0,0.0
ChiSquare,0.7962636911662173,0.4972501933738084,0.7783017810645748,0.36360799891793427,0.663218925934683,15.4,0.0027466580000051885,0.47791776194907704,0.5228093070211863,0.6824915521361545,0.0,0.0
PCA,0.7915381893319491,0.48590915000345225,0.7811636400758355,0.35001872211385476,0.6442923097488032,15.4,0.0021152039999968956,0.4673620713249164,0.5201356665909079,0.6944373514839114,0.0,0.0
GA,0.7842005297806641,0.4713025915330354,0.7686638040835813,0.33036273854315495,0.6345189882193154,9.91,3.056808037999995,0.4775241505142824,0.49591043828870685,0.6867788436281457,620.0,359.85999999999996
PSO,0.7880669174005664,0.4792472698275925,0.772855619416177,0.33955414379888965,0.6416139435262014,13.66,4.8037479429999985,0.46159164191481555,0.5118544125941284,0.6838257016584676,620.0,616.17
GWO,0.7913473235904591,0.4857455013768184,0.7834097385492248,0.34702792009116085,0.642821932156068,13.989999999999998,4.694387317999999,0.4757832777233473,0.5330887318230503,0.6949703357541446,620.0,581.0
EMWS,0.7889221972148492,0.4798408153495853,0.7729181231354548,0.3388638618349315,0.6401986034797847,14.140000000000004,4.482824229000004,0.45941695003163385,0.49702284388358253,0.6852044525543006,620.0,535.7899999999998
bGWO1,0.7845191362958837,0.4768937618379495,0.7670799000320918,0.33482015161494544,0.6374817328011229,10.190000000000001,2.1063045909999967,0.46854474340354163,0.49285771642415027,0.6847676814902743,620.0,250.12999999999997
OBCGWO,0.7927466326248761,0.4847593591136204,0.777941412418077,0.3486241983675875,0.6397979020694096,13.629999999999999,4.931989408000005,0.4751109951889475,0.5167283325966581,0.6920285064189693,920.0,648.1000000000001
SA-bGWO,0.7947564435031513,0.4921576211991868,0.783984566524715,0.35581606529015325,0.6478675018282566,13.669999999999998,4.462138236999996,0.4844058905544742,0.5499608724432863,0.6992079749422144,620.0,574.8000000000001
SR-GWO,0.7907700418047615,0.48558250496683825,0.7782572494490045,0.34601712126827766,0.6436045559371133,13.63,4.688231892999998,0.47249191229341675,0.5152789317197931,0.6932163493572319,620.0,593.81
bWOA,0.7895275707713301,0.48546706612941415,0.7751864995188694,0.34564295542457424,0.6449290056340276,13.729999999999999,4.2722171220000025,0.476466630533486,0.5262990194773594,0.6900358406190138,620.0,520.3199999999999
bSSA,0.789889126422708,0.48660974130091467,0.779098026123997,0.34595282908708896,0.6484876273026904,14.239999999999998,4.3611967979999955,0.47470052110307587,0.5131157310397312,0.6891349887328293,620.0,528.85
BHO,0.7909365374564346,0.4923019675609063,0.7787406475333217,0.3528143193082306,0.6491361835578314,15.2,5.596603015999995,0.47606492080008567,0.522720343348994,0.6923523230765787,620.0,601.5400000000001
DF-GWO,0.7805022745253829,0.468561160251823,0.7614456600226618,0.32313976423190544,0.6346690649911347,7.1899999999999995,3.6522285370000014,0.47127504117737534,0.498520007936374,0.6803062452131515,696.5899999999999,544.41
Q2HO,0.7945152774588966,0.4851955665099945,0.7843703303927646,0.34922066704223076,0.6459322053917668,15.75,4.608369253000001,0.46951534534548084,0.5103666678151642,0.6947101387964174,620.0,619.53
