Compared method,p (F1),p (AUC),p (MCC),delta (AUC),p (#Feat),delta (#Feat)
AllFeatures,0.0007076263427734375,0.0002613067626953125,0.0007076263427734375,-0.415 (Medium),1.9073486328125e-06,-1.000 (Large)
IG,0.069580078125,0.0005855560302734375,0.04405403137207031,-0.300 (Small),1.9073486328125e-06,-0.700 (Large)
ChiSquare,0.01068878173828125,0.082550048828125,0.006389617919921875,-0.195 (Small),1.9073486328125e-06,-0.700 (Large)
PCA,0.058258056640625,0.04405403137207031,0.03623390197753906,-0.225 (Small),1.9073486328125e-06,-0.700 (Large)
GA,0.9272785186767578,0.26109886169433594,0.5458755493164062,-0.095 (Negligible),0.0007925984646131785,-0.182 (Small)
PSO,0.1893482208251953,0.069580078125,0.13272666931152344,-0.080 (Negligible),1.9073486328125e-06,-0.593 (Large)
GWO,0.0758514404296875,0.005580902099609375,0.05316925048828125,-0.265 (Small),1.9073486328125e-06,-0.610 (Large)
EMWS,0.4523754119873047,0.03276824951171875,0.15364646911621094,-0.155 (Small),0.00013162704518922692,-0.495 (Large)
bGWO1,0.14290618896484375,0.20244979858398438,0.2305126190185547,-0.145 (Negligible),0.00039814247498266234,-0.230 (Small)
OBCGWO,0.01923370361328125,0.001209259033203125,0.0005855560302734375,-0.205 (Small),1.9073486328125e-06,-0.552 (Large)
SA-bGWO,0.026641845703125,0.0014324188232421875,0.012079238891601562,-0.255 (Small),1.9073486328125e-06,-0.573 (Large)
SR-GWO,0.082550048828125,0.01923370361328125,0.082550048828125,-0.180 (Small),1.9073486328125e-06,-0.593 (Large)
bWOA,0.058258056640625,0.0010166168212890625,0.069580078125,-0.180 (Small),1.9073486328125e-06,-0.542 (Large)
bSSA,0.14290618896484375,0.0014324188232421875,0.08969497680664062,-0.215 (Small),1.9073486328125e-06,-0.645 (Large)
BHO,0.021484375,0.017181396484375,0.03623390197753906,-0.185 (Small),0.0001314204445389205,-0.547 (Large)
Q2HO,0.10539817810058594,0.0014324188232421875,0.03623390197753906,-0.260 (Small),1.9073486328125e-06,-0.693 (Large)
