Configuration,F1,AUC,MCC,G-mean,#Feat,AUC SD,Time(s),p vs full (AUC),p vs full (#Feat)
DF-GWO,0.467817210885246,0.7595775666340582,0.32102529077208714,0.6332153474417417,7.199999999999998,0.0606021397883996,7.182346507,,
DF-GWO w/o group,0.464074663673468,0.7599730349163105,0.3142851478495997,0.6293217956439063,7.710000000000001,0.058097390782808976,9.670746826000006,0.7011814117431641,0.055637507155908775
DF-GWO w/o chaos,0.4665524518048145,0.7605966713636927,0.3212882145426733,0.6307266903315544,7.1,0.06502650888050408,6.539798515000008,0.49800872802734375,0.8680945656664965
DF-GWO w/o Levy,0.46007217306270987,0.7558153720309374,0.3132641944495981,0.6250951279220924,7.639999999999999,0.058190080391297846,6.101831388999999,0.9272785186767578,0.014950837045218336
DF-GWO w/o OBL,0.4619455441111765,0.7590481753697879,0.3108827568022691,0.6264013305493398,7.01,0.06301899177457125,6.568169301999999,0.9854354858398438,0.6471195830299895
DF-GWO w/o restart,0.46293314138128955,0.7592630313240586,0.31250497717366593,0.6277185119777513,7.3,0.06394546612422827,6.250974589000008,0.6008710115741303,0.3933931794878782
DF-GWO w/o LS,0.4757598910789719,0.767286479901802,0.3357821890101883,0.6323965856970821,12.129999999999999,0.05619854882019738,6.0235689599999755,0.0758514404296875,3.814697265625e-06
DF-GWO chaos only,0.4897566206761231,0.7781760786725227,0.35499763648788835,0.6524537451853493,11.46,0.057346217060976125,5.776320644000006,0.0002613067626953125,3.814697265625e-06
DF-GWO Levy only,0.47904872053343955,0.773914685580716,0.3331293260514417,0.6391624778466363,10.73,0.05196204764325939,5.7719620940000125,0.00485992431640625,3.814697265625e-06
DF-GWO OBL only,0.47025195783527185,0.7681296309921027,0.3238691039162139,0.6324313510334472,11.290000000000001,0.052387666958663884,5.597560423000005,0.04844093322753906,5.7220458984375e-06
DF-GWO restart only,0.4832111255776594,0.7719861064738478,0.34243069665584874,0.6419518757335031,11.599999999999998,0.0546111145522253,5.960653665000001,0.03623390197753906,3.814697265625e-06
DF-GWO LS only,0.45919133192301037,0.7550179248884599,0.307412164899944,0.6231860978981538,7.13,0.0640895791585153,6.3546634679999965,0.44450890263539566,0.33754907002668855
DF-GWO base,0.4841342668736933,0.769292607782995,0.34206798307369823,0.6399315525459414,11.419999999999998,0.06111093844467115,5.511530479,0.08969497680664062,3.814697265625e-06
