Function,DF-GWO,GWO,PSO,WOA,SCA,HO,GA
F1,"9.269e-40
(2.1e-39)","6.644e-31
(1.0e-30)","9.241e-01
(9.1e-01)","3.998e-48
(1.5e-47)","8.931e+00
(1.3e+01)","2.234e-209
(0.0e+00)","5.592e+01
(1.4e+01)"
F2,"6.497e-24
(5.3e-24)","1.342e-18
(1.4e-18)","1.096e+00
(3.0e+00)","1.634e-29
(4.4e-29)","2.143e-02
(2.5e-02)","5.818e-108
(1.4e-107)","2.926e+00
(3.2e-01)"
F3,"2.264e-08
(6.7e-08)","2.500e-08
(5.7e-08)","4.124e+03
(2.7e+03)","8.554e-04
(4.5e-03)","9.014e+03
(5.2e+03)","5.515e-143
(3.0e-142)","1.364e+03
(3.9e+02)"
F4,"7.678e-11
(5.9e-11)","4.492e-08
(6.5e-08)","8.870e+00
(1.8e+00)","2.449e-03
(7.0e-03)","3.101e+01
(9.9e+00)","4.124e-99
(7.8e-99)","4.263e+00
(5.5e-01)"
F5,"2.698e+01
(3.8e-01)","2.742e+01
(5.9e-01)","6.413e+03
(2.2e+04)","2.637e+01
(1.1e+00)","1.644e+04
(2.3e+04)","2.888e+01
(5.1e-02)","1.087e+03
(4.1e+02)"
F6,"0.000e+00
(0.0e+00)","0.000e+00
(0.0e+00)","3.600e+00
(2.5e+00)","3.333e-02
(1.8e-01)","7.900e+00
(1.5e+01)","0.000e+00
(0.0e+00)","6.667e+01
(1.2e+01)"
F7,"5.675e-03
(2.7e-03)","2.376e-04
(2.0e-04)","5.864e-02
(1.7e-02)","5.026e-03
(4.5e-03)","1.175e-01
(1.3e-01)","2.712e-04
(2.2e-04)","2.553e-02
(5.9e-03)"
F8,"-4.751e+03
(4.7e+02)","-2.818e+03
(3.3e+02)","-8.721e+03
(7.9e+02)","-6.065e+03
(9.3e+02)","-3.702e+03
(1.9e+02)","-6.064e+03
(3.7e+02)","-9.205e+03
(4.8e+02)"
F9,"0.000e+00
(0.0e+00)","0.000e+00
(0.0e+00)","6.226e+01
(2.1e+01)","1.456e+02
(6.8e+01)","5.073e+01
(3.3e+01)","0.000e+00
(0.0e+00)","5.604e+01
(8.5e+00)"
F10,"4.115e-15
(6.4e-16)","1.821e-14
(3.9e-15)","1.067e+00
(6.8e-01)","9.317e+00
(1.0e+01)","1.632e+01
(7.0e+00)","3.168e-15
(1.5e-15)","3.305e+00
(3.3e-01)"
F11,"2.497e-03
(6.7e-03)","1.192e-03
(3.7e-03)","6.262e-01
(2.5e-01)","7.490e-03
(1.9e-02)","9.159e-01
(2.9e-01)","0.000e+00
(0.0e+00)","1.503e+00
(1.3e-01)"
F12,"1.310e-02
(9.7e-03)","5.808e-02
(1.9e-02)","4.379e-01
(5.5e-01)","4.471e+00
(9.6e+00)","1.347e+04
(5.2e+04)","6.850e-01
(2.1e-01)","4.760e-01
(1.8e-01)"
F13,"1.063e-01
(1.0e-01)","5.722e-01
(2.8e-01)","1.580e+00
(1.5e+00)","1.449e+00
(2.7e-01)","3.467e+05
(1.6e+06)","2.689e+00
(2.0e-01)","3.290e+00
(9.3e-01)"
