family,value,F1,AUC,MCC,Gmean,NFeat,AUC_SD,n
beta,0.0,0.48594378879725886,0.7785570012583783,0.3468566366884135,0.6389155237828327,13.36,0.05415844051270815,20
beta,0.004,0.4599804657170166,0.7576483277598992,0.3116780405305461,0.6226431755940662,9.66,0.06246319834583049,20
beta,0.008,0.470140213414596,0.766382386303146,0.3270191374794617,0.6325238132618397,7.4,0.06249204587288668,20
beta,0.016,0.46266303678117204,0.7581367758411542,0.31263588679646503,0.6271250540104228,6.9,0.05837429766435663,20
beta,0.032,0.4595654417037308,0.7490982822958062,0.30996883705777784,0.6282055526999926,6.3100000000000005,0.058296524359985544,20
chaos_lo,0.0,0.46968578326711297,0.7635819981759158,0.32452385497706315,0.6316230369794754,7.0200000000000005,0.06025502728705952,20
chaos_lo,0.25,0.46127904398127717,0.7561367085915918,0.31082009379855335,0.6267298858267842,7.2700000000000005,0.05692808953024174,20
chaos_lo,0.5,0.46436092806860146,0.7560458365347122,0.314569664872662,0.6256745953844096,7.43,0.06192335063332284,20
chaos_lo,0.75,0.47265848618546447,0.764691703031662,0.3294114744960247,0.6361164276355306,6.93,0.05572768177356161,20
tau,0.75,0.4583517425609312,0.756710624198551,0.30575049656826375,0.624090036743416,6.529999999999999,0.061455614000357775,20
tau,0.8,0.4658080252246145,0.7596020223189011,0.31828478496921403,0.6306797430768826,6.890000000000001,0.05851755646532719,20
tau,0.85,0.4795071312674633,0.7659655714035417,0.3361831276806184,0.6393053900069061,7.57,0.061527633419178704,20
tau,0.9,0.462358951676037,0.7628457157340673,0.31374888065452444,0.6285406628606682,7.76,0.05943021716878093,20
tau,0.95,0.47636179702601955,0.7704310683614084,0.3340374861577643,0.6398277741196321,8.120000000000001,0.05862308574655435,20
weights,"(0.30, 0.30, 0.40)",0.4708396705053547,0.7607783208945608,0.3249189153507815,0.6338969415013077,7.31,0.06085731472193294,20
weights,"(0.33, 0.33, 0.33)",0.47542297983012977,0.7669792399825659,0.33408345772805015,0.6383716894718511,7.35,0.059447352981508994,20
weights,"(0.40, 0.40, 0.20)",0.4614931856899407,0.7571661302611934,0.31128863789892575,0.6260481303407157,7.42,0.06108271845046489,20
weights,"(0.50, 0.30, 0.20)",0.4617599308891746,0.7567873251432096,0.3132408860886155,0.6255976732347345,7.32,0.059478342060931624,20
weights,"(0.60, 0.20, 0.20)",0.46065056927348624,0.7556550770754182,0.3089199274997009,0.6267265576726239,6.959999999999999,0.056955936307503105,20
