Dataset,Repository,Acc,F1,AUC,MCC,Gmean,NFeat,Recall20,Popt20,EAAUC
ant-1.6,PROMISE,0.7919114688128773,0.635525680142385,0.8180625016538329,0.5016210052709622,0.7532147773102624,5.2,0.31286549707602335,0.33880782612166993,0.6016706211281112
ant-1.7,PROMISE,0.7718120805369126,0.5430689167415834,0.8003177689230251,0.3998820330360734,0.705532517775899,4.6,0.3014260249554367,0.3196265497971321,0.573439407814743
camel-1.4,PROMISE,0.7729261083743842,0.37571815947900805,0.7174585050412914,0.24025361456986033,0.5882314346543942,7.4,0.4413793103448276,0.4358622257571584,0.6635096420113827
camel-1.6,PROMISE,0.7461139896373057,0.35692013179857107,0.7137081125790804,0.2005888496018966,0.5470043768523156,6.6,0.5150782361308677,0.5415533714113099,0.7340482601942445
ivy-2.0,PROMISE,0.8323541247484909,0.4238095238095238,0.7524929595494112,0.3407792754368142,0.6743696433415713,4.6,0.325,0.42517728743936534,0.5290137298160144
prop-6,PROMISE,0.8508842054263566,0.3025801797685306,0.7248329894881619,0.22721373239474357,0.5541527772839798,7.8,0.3602564102564102,0.29054468332309036,0.6231278480264366
jedit-4.2,PROMISE,0.7846723435764531,0.38946461951555333,0.780592757936508,0.2834349404593538,0.6408675247361371,4.2,0.35777777777777775,0.2609582976407226,0.6243428733860522
jedit-4.3,PROMISE,0.9106163677592249,0.1490909090909091,0.810266323024055,0.15055846404076112,0.4399186559923101,7.8,0.6333333333333333,0.4271712440870371,0.7396872861282615
poi-2.0,PROMISE,0.7864823348694318,0.3000224921277553,0.7301669758812614,0.19711464515601904,0.5684359482998583,4.8,0.4928571428571429,0.6009347287418938,0.6629730027708565
synapse-1.2,PROMISE,0.7385369532428355,0.6494721131695922,0.7970011534025374,0.456826109554748,0.7267505961223681,4.8,0.4313725490196079,0.5950945727958314,0.6547588399260346
xalan-2.5,PROMISE,0.6401242236024844,0.6158894459513655,0.704138216917907,0.2790731683871024,0.6365618865899847,4.8,0.6174159174159174,0.7522942596348133,0.790951840935134
xerces-1.2,PROMISE,0.7704545454545455,0.3815126050420168,0.7304417235239153,0.24707492501269468,0.6023523820654205,6.0,0.8028571428571428,0.926585264579488,0.8650213149637562
EQ,AEEEM,0.7592788461538461,0.7086813644280193,0.8144615384615385,0.5121861044784481,0.7545283992140461,6.0,0.4963076923076922,0.6795180000880748,0.7060727539448596
JDT,AEEEM,0.8264773869346733,0.5996790671483148,0.8731486929151593,0.4920638849707288,0.7400779451933781,14.4,0.524274099883856,0.6162531258052615,0.7432379340873514
LC,AEEEM,0.8697841726618705,0.34384639016897084,0.7649589336589336,0.2809081988362936,0.585885866264939,13.8,0.5782051282051283,0.5517798610544857,0.7744132015256764
ML,AEEEM,0.8565871025397099,0.45231532708752525,0.8088378236284768,0.37101428430693756,0.6410816727881242,17.2,0.5061224489795919,0.47197530924632913,0.7298084745233266
PDE,AEEEM,0.8336878483835006,0.3706136560069144,0.76753910432443,0.280244979256989,0.5624297364996863,14.2,0.4308943089430895,0.3518751356351551,0.6838357426148569
apache,ReLink,0.7215924426450743,0.7264350500580611,0.7550554016620499,0.4474373336487564,0.7192224896148168,3.4,0.44894736842105265,0.6321961787727318,0.6612004291676774
safe,ReLink,0.7166666666666667,0.6444444444444445,0.7314285714285713,0.41712292880254703,0.7058775102494195,3.0,0.36,0.21873325081417566,0.581492357760396
zxing,ReLink,0.6290822784810126,0.4021331290574165,0.6340031464530893,0.1373968074163791,0.5468851589737851,3.2,0.4891304347826087,0.5334589859817563,0.6635193435378574
