Function,Class,Optimum,DF-GWO,GWO,I-GWO,RW-GWO,mGWO,CGWO,HO,SHO,PSO,WOA,SCA,GA
F1,Unimodal,0.0,8.492e-40 (1.90e-39),6.644e-31 (1.01e-30),5.606e-14 (6.35e-14),1.770e-27 (3.33e-27),3.622e-40 (6.63e-40),1.094e-24 (5.27e-24),3.371e-209 (0.00e+00),0.000e+00 (0.00e+00),6.101e-01 (4.42e-01),6.142e-48 (2.43e-47),8.931e+00 (1.35e+01),5.372e+01 (1.29e+01)
F2,Unimodal,0.0,5.921e-24 (5.03e-24),1.342e-18 (1.36e-18),4.608e-09 (2.94e-09),7.805e-17 (5.75e-17),4.998e-24 (3.33e-24),1.724e-15 (5.61e-15),9.628e-108 (2.38e-107),2.764e-102 (8.15e-102),2.104e+00 (3.99e+00),9.714e-30 (1.80e-29),2.143e-02 (2.49e-02),2.877e+00 (3.25e-01)
F3,Unimodal,0.0,2.186e-07 (1.15e-06),2.500e-08 (5.68e-08),3.206e+00 (4.84e+00),1.277e-06 (2.04e-06),5.082e-09 (1.72e-08),1.498e-05 (3.84e-05),4.182e-142 (2.25e-141),0.000e+00 (0.00e+00),3.292e+03 (2.30e+03),5.797e-02 (3.12e-01),9.014e+03 (5.16e+03),1.296e+03 (3.82e+02)
F4,Unimodal,0.0,1.214e-10 (2.55e-10),4.492e-08 (6.53e-08),1.700e-02 (1.09e-02),2.811e-07 (2.13e-07),7.871e-11 (6.15e-11),7.261e-07 (1.84e-06),6.840e-99 (1.51e-98),1.420e-98 (5.50e-98),8.793e+00 (1.57e+00),5.128e-03 (1.86e-02),3.101e+01 (9.89e+00),4.135e+00 (5.31e-01)
F5,Unimodal,0.0,2.694e+01 (3.42e-01),2.742e+01 (5.91e-01),2.643e+01 (1.24e+00),2.771e+01 (5.67e-01),2.726e+01 (2.97e-01),2.732e+01 (3.35e-01),2.888e+01 (5.14e-02),2.843e+01 (1.26e-01),6.254e+03 (2.24e+04),2.673e+01 (1.02e+00),1.644e+04 (2.28e+04),1.021e+03 (3.71e+02)
F6,Unimodal,0.0,0.000e+00 (0.00e+00),0.000e+00 (0.00e+00),0.000e+00 (0.00e+00),0.000e+00 (0.00e+00),0.000e+00 (0.00e+00),0.000e+00 (0.00e+00),0.000e+00 (0.00e+00),0.000e+00 (0.00e+00),3.200e+00 (2.09e+00),0.000e+00 (0.00e+00),7.900e+00 (1.46e+01),6.387e+01 (1.23e+01)
F7,Unimodal,0.0,5.278e-03 (2.46e-03),2.246e-04 (2.52e-04),5.826e-03 (2.18e-03),4.434e-04 (4.89e-04),2.243e-04 (1.80e-04),4.324e-04 (4.70e-04),2.530e-04 (1.89e-04),9.206e-05 (7.57e-05),6.293e-02 (1.99e-02),4.874e-03 (3.31e-03),9.339e-02 (9.76e-02),1.870e-02 (4.91e-03)
F8,Multimodal,-12569.5,-4.995e+03 (4.66e+02),-2.818e+03 (3.29e+02),-4.722e+03 (4.76e+02),-4.218e+03 (5.46e+02),-2.966e+03 (2.95e+02),-3.196e+03 (3.13e+02),-6.063e+03 (3.70e+02),-8.616e+03 (6.53e+02),-8.497e+03 (6.14e+02),-6.173e+03 (1.10e+03),-3.702e+03 (1.88e+02),-9.318e+03 (4.45e+02)
F9,Multimodal,0.0,0.000e+00 (0.00e+00),0.000e+00 (0.00e+00),3.215e+01 (1.58e+01),1.740e-03 (9.37e-03),0.000e+00 (0.00e+00),5.921e-17 (3.19e-16),0.000e+00 (0.00e+00),0.000e+00 (0.00e+00),5.782e+01 (2.05e+01),1.191e+02 (6.14e+01),5.073e+01 (3.34e+01),5.494e+01 (8.43e+00)
F10,Multimodal,0.0,4.115e-15 (6.38e-16),1.821e-14 (3.89e-15),5.236e-08 (3.42e-08),4.130e-14 (7.21e-15),3.997e-15 (0.00e+00),1.446e-13 (4.13e-13),3.168e-15 (1.50e-15),4.441e-16 (0.00e+00),1.140e+00 (6.49e-01),8.652e+00 (9.89e+00),1.632e+01 (6.98e+00),3.262e+00 (3.37e-01)
F11,Multimodal,0.0,2.356e-03 (6.40e-03),1.192e-03 (3.70e-03),5.353e-03 (6.89e-03),3.476e-03 (7.37e-03),0.000e+00 (0.00e+00),5.682e-04 (3.06e-03),0.000e+00 (0.00e+00),0.000e+00 (0.00e+00),5.672e-01 (2.48e-01),1.748e-02 (4.01e-02),9.159e-01 (2.89e-01),1.483e+00 (1.16e-01)
F12,Multimodal,0.0,1.376e-02 (8.87e-03),5.808e-02 (1.90e-02),3.759e-02 (3.91e-02),5.275e-02 (1.87e-02),9.050e-02 (3.15e-02),1.333e-01 (1.09e-01),6.850e-01 (2.05e-01),2.563e-04 (1.19e-04),4.203e-01 (3.76e-01),3.061e+00 (9.41e+00),1.347e+04 (5.25e+04),4.531e-01 (1.61e-01)
F13,Multimodal,0.0,1.381e-01 (1.51e-01),5.722e-01 (2.78e-01),3.910e-01 (2.00e-01),5.163e-01 (1.83e-01),7.172e-01 (1.61e-01),1.141e+00 (2.61e-01),2.689e+00 (1.98e-01),1.682e+00 (1.11e+00),2.183e+00 (3.65e+00),1.499e+00 (2.82e-01),3.467e+05 (1.58e+06),3.070e+00 (8.04e-01)
Mean Friedman rank,,,4.38,5.31,6.69,6.08,4.23,6.54,4.31,2.85,9.62,6.92,11.15,9.92
