Function,Class,DF-GWO,GWO,I-GWO,RW-GWO,mGWO,CGWO,HO,SHO,PSO,WOA,SCA,GA
CEC22-F1,Unimodal,2.186e+02 (1.83e+02),6.818e+03 (2.00e+03),3.162e+01 (3.82e+01),7.117e+00 (5.14e+00)*,6.986e+03 (2.12e+03),9.313e+03 (2.56e+03),2.107e+04 (4.31e+03),3.601e+03 (2.03e+03),4.049e+02 (1.19e+03),2.121e+03 (1.97e+03),7.414e+03 (1.49e+03),2.135e+01 (1.14e+01)
CEC22-F2,Basic,5.860e+01 (7.44e+00),1.494e+02 (4.53e+01),5.645e+01 (1.14e+01),5.206e+01 (8.52e+00)*,1.553e+02 (3.42e+01),1.465e+02 (3.39e+01),1.171e+03 (3.77e+02),1.697e+02 (5.22e+01),8.248e+01 (7.96e+01),1.410e+02 (6.48e+01),3.918e+02 (1.31e+02),6.267e+01 (2.03e+01)
CEC22-F3,Basic,4.003e-03 (3.77e-03),8.092e-02 (3.02e-02),3.215e-05 (1.57e-05)*,3.588e-05 (2.50e-05),7.831e-02 (2.16e-02),9.228e-02 (2.64e-02),1.079e+00 (2.02e-01),4.129e-04 (7.15e-04),8.604e-02 (5.34e-02),1.398e-02 (1.38e-02),3.189e-01 (6.90e-02),2.056e-04 (6.16e-05)
CEC22-F4,Basic,9.255e+01 (2.16e+01)*,1.466e+02 (2.84e+01),1.305e+02 (4.68e+01),1.103e+02 (1.89e+01),1.579e+02 (3.02e+01),1.644e+02 (3.84e+01),2.169e+02 (4.20e+01),1.689e+02 (3.58e+01),1.282e+02 (4.15e+01),2.315e+02 (6.74e+01),2.627e+02 (3.64e+01),1.059e+02 (2.77e+01)
CEC22-F5,Basic,8.135e-01 (6.47e-01),1.409e+00 (7.53e-01),6.022e-01 (8.12e-01),5.689e-01 (7.11e-01)*,1.178e+00 (3.47e-01),1.736e+00 (6.09e-01),6.074e+00 (1.38e+00),2.552e+00 (1.11e+00),1.207e+00 (1.38e+00),7.138e+00 (3.95e+00),4.270e+00 (1.39e+00),2.090e+00 (1.13e+00)
CEC22-F6,Hybrid,2.986e+05 (4.09e+05),2.025e+07 (2.19e+07),7.846e+04 (3.24e+04),6.916e+04 (3.87e+04),2.261e+07 (1.73e+07),1.532e+07 (1.62e+07),8.524e+08 (5.90e+08),3.610e+04 (9.54e+03)*,1.439e+05 (3.50e+05),3.410e+05 (5.21e+05),3.656e+08 (2.34e+08),1.231e+05 (4.26e+04)
CEC22-F7,Hybrid,4.537e+01 (1.10e+01),1.398e+02 (1.04e+02),5.213e+01 (9.46e+00),4.061e+01 (1.27e+01)*,1.587e+02 (1.01e+02),1.748e+02 (9.58e+01),1.252e+03 (4.97e+02),2.377e+02 (1.60e+02),6.031e+01 (3.08e+01),2.590e+02 (1.56e+02),8.021e+02 (3.23e+02),4.888e+01 (1.18e+01)
CEC22-F8,Hybrid,2.623e+03 (8.28e+02),4.947e+03 (3.08e+03),1.991e+03 (1.22e+03),2.481e+03 (1.05e+03),4.494e+03 (1.83e+03),3.427e+03 (1.10e+03),7.819e+05 (2.58e+06),1.663e+03 (1.07e+03),2.373e+03 (1.43e+03),1.822e+03 (9.79e+02),4.270e+06 (7.83e+06),2.976e+02 (2.76e+02)*
CEC22-F9,Composition,3.607e+02 (1.15e+01),4.873e+02 (5.75e+01),3.384e+02 (1.61e+00),3.461e+02 (3.61e+00),4.753e+02 (4.20e+01),5.049e+02 (4.69e+01),1.755e+03 (3.66e+02),4.267e+02 (1.03e+02),4.456e+02 (1.16e+02),3.961e+02 (4.42e+01),7.971e+02 (1.49e+02),3.081e+02 (1.01e+02)*
CEC22-F10,Composition,5.284e+02 (2.89e+02)*,1.475e+03 (1.30e+03),2.011e+03 (1.67e+03),1.028e+03 (7.55e+02),1.119e+03 (1.27e+03),6.370e+02 (6.69e+02),6.771e+02 (3.11e+02),5.458e+02 (3.51e+02),1.220e+03 (6.86e+02),2.854e+03 (9.32e+02),2.068e+03 (1.90e+03),1.181e+03 (8.20e+02)
CEC22-F11,Composition,4.040e+00 (3.33e+00),4.097e+01 (5.76e+01),4.310e-01 (2.48e-01),2.458e-01 (1.09e-01)*,3.839e+01 (2.44e+01),4.255e+01 (5.40e+01),1.893e+03 (9.88e+02),1.609e+01 (1.03e+01),3.976e+02 (6.13e+02),2.461e+02 (4.66e+02),4.932e+02 (7.10e+02),6.828e-01 (1.28e-01)
CEC22-F12,Composition,2.502e+02 (5.05e+00),2.876e+02 (3.12e+01),2.421e+02 (6.43e+00)*,2.489e+02 (7.29e+00),2.835e+02 (1.47e+01),2.950e+02 (1.95e+01),7.031e+02 (6.57e+01),4.733e+02 (9.48e+01),3.015e+02 (3.28e+01),3.159e+02 (4.45e+01),3.783e+02 (4.23e+01),3.111e+02 (4.58e+01)
Mean Friedman rank,,3.58,7.58,3.25,2.33,7.17,7.83,11.00,6.25,6.25,8.00,10.92,3.83
